{
   "description": "This file is generated by qmake to be read by androiddeployqt and should not be modified by hand.",
   "qt": "/home/pthinks/Qt/5.15.2/android",
   "sdk": "/home/pthinks/Android/Sdk",
   "sdkBuildToolsRevision": "33.0.0",
   "ndk": "/home/pthinks/Android/Sdk/ndk/21.3.6528147",
   "toolchain-prefix": "llvm",
   "tool-prefix": "llvm",
   "ndk-host": "linux-x86_64",
   "architectures": {"armeabi-v7a":"arm-linux-androideabi", "arm64-v8a":"aarch64-linux-android", "x86_64":"x86_64-linux-android"},
   "android-package-source-directory": "/home/pthinks/Documents/ExpenseApp/android",
   "android-min-sdk-version": "21",
   "android-target-sdk-version": "28",
   "qml-root-path": "/home/pthinks/Documents/ExpenseApp",
   "stdcpp-path": "/home/pthinks/Android/Sdk/ndk/21.3.6528147/toolchains/llvm/prebuilt/linux-x86_64/sysroot/usr/lib/",
   "qrcFiles": "/home/pthinks/Documents/ExpenseApp/qml.qrc",
   "application-binary": "ExpenseApp"
}
